nom,code barre,image,description,prix_achat,prix_vente,stock,unite,categorie
ACM Rosakalm 40ml,3760050520913,https://via.placeholder.com/150x150/FF6B6B/FFFFFF?text=ACM,Crème apaisante pour peaux sensibles et réactives,45.50,65.00,10,pièce,Cosmétiques
Anjan XXL Sun,3760050521001,https://via.placeholder.com/150x150/4ECDC4/FFFFFF?text=ANJAN,Crème solaire protection maximale SPF 50+,38.00,55.00,15,pièce,Cosmétiques
Shampoing Doux,1234567890123,,Shampoing pour cheveux normaux à secs,12.50,18.00,25,pièce,Hygiène
Dentifrice Blancheur,9876543210987,,Dentifrice blanchissant au fluor,8.75,12.50,30,pièce,Hygiène
Vitamine C 1000mg,5555666677778,https://via.placeholder.com/150x150/FFE66D/000000?text=VIT+C,Complément alimentaire vitamine C,25.00,35.00,20,boîte,Pharmacie
Paracétamol 500mg,1111222233334,,Antalgique et antipyrétique,3.50,5.00,50,boîte,Pharmacie
Gel Douche Relaxant,2222333344445,,Gel douche aux huiles essentielles,8.90,13.50,18,pièce,Hygiène
Crème Hydratante,3333444455556,https://via.placeholder.com/150x150/A8E6CF/000000?text=CREME,Crème hydratante visage et corps,22.00,32.00,12,pièce,Cosmétiques
Aspirine 500mg,4444555566667,,Anti-inflammatoire et antalgique,4.20,6.50,40,boîte,Pharmacie
